train_0000.png,Darstellung
train_0001.png,Darstellung
train_0002.png,Darstellung
train_0003.png,Darstellung
train_0004.png,Darstellung
train_0005.png,Darstellung
train_0006.png,Darstellung
train_0007.png,Darstellung
train_0008.png,Darstellung
train_0009.png,Darstellung
train_0010.png,am Einheiskreis
train_0011.png,am Einheiskreis
train_0012.png,am Einheiskreis
train_0013.png,am Einheiskreis
train_0014.png,am Einheiskreis
train_0015.png,am Einheiskreis
train_0016.png,am Einheiskreis
train_0017.png,am Einheiskreis
train_0018.png,am Einheiskreis
train_0019.png,am Einheiskreis
train_0020.png,am Einheiskreis
train_0021.png,am Einheiskreis
train_0022.png,am Einheiskreis
train_0023.png,am Einheiskreis
train_0024.png,am Einheiskreis
train_0025.png,am Einheiskreis
train_0026.png,am Einheiskreis
train_0027.png,am Einheiskreis
train_0028.png,am Einheiskreis
train_0029.png,am Einheiskreis
train_0030.png,am Einheiskreis
train_0031.png,am Einheiskreis
train_0032.png,am Einheiskreis
train_0033.png,am Einheiskreis
train_0034.png,am Einheiskreis
train_0035.png,am Einheiskreis
train_0036.png,am Einheiskreis
train_0037.png,am Einheiskreis
train_0038.png,am Einheiskreis
train_0039.png,am Einheiskreis
train_0040.png,am Einheiskreis
train_0041.png,am Einheiskreis
train_0042.png,am Einheiskreis
train_0043.png,am Einheiskreis
train_0044.png,am Einheiskreis
train_0045.png,am Einheiskreis
train_0046.png,am Einheiskreis
train_0047.png,am Einheiskreis
train_0048.png,am Einheiskreis
train_0049.png,am Einheiskreis
train_0050.png,am Einheiskreis
train_0051.png,am Einheiskreis
train_0052.png,am Einheiskreis
train_0053.png,am Einheiskreis
train_0054.png,am Einheiskreis
train_0055.png,am Einheiskreis
train_0056.png,am Einheiskreis
train_0057.png,am Einheiskreis
train_0058.png,am Einheiskreis
train_0059.png,am Einheiskreis
train_0060.png,am Einheiskreis
train_0061.png,am Einheiskreis
train_0062.png,am Einheiskreis
train_0063.png,am Einheiskreis
train_0064.png,am Einheiskreis
train_0065.png,am Einheiskreis
train_0066.png,am Einheiskreis
train_0067.png,am Einheiskreis
train_0068.png,am Einheiskreis
train_0069.png,am Einheiskreis
train_0070.png,am Einheiskreis
train_0071.png,am Einheiskreis
train_0072.png,am Einheiskreis
train_0073.png,am Einheiskreis
train_0074.png,am Einheiskreis
train_0075.png,am Einheiskreis
train_0076.png,am Einheiskreis
train_0077.png,am Einheiskreis
train_0078.png,am Einheiskreis
train_0079.png,am Einheiskreis
train_0080.png,am Einheiskreis
train_0081.png,am Einheiskreis
train_0082.png,am Einheiskreis
train_0083.png,am Einheiskreis
train_0084.png,am Einheiskreis
train_0085.png,am Einheiskreis
train_0086.png,am Einheiskreis
train_0087.png,am Einheiskreis
train_0088.png,am Einheiskreis
train_0089.png,am Einheiskreis
train_0090.png,am Einheiskreis
train_0091.png,am Einheiskreis
train_0092.png,am Einheiskreis
train_0093.png,am Einheiskreis
train_0094.png,am Einheiskreis
train_0095.png,am Einheiskreis
train_0096.png,am Einheiskreis
train_0097.png,am Einheiskreis
train_0098.png,am Einheiskreis
train_0099.png,am Einheiskreis
